{
  "saveName": "Autosave",
  "playerHealth": 100,
  "playerPos": 
    {
      "x": 0.0,
      "y": -0.1500091552734375,
      "z": -0.000008106231689453125
    },
  "playerRot": 
    {
      "x": 0.0,
      "y": -0.7071068286895752,
      "z": 0.0,
      "w": 0.7071068286895752
    }
}