{"saveName":"Autosave","playerHealth":100,"playerPos":{"x":0.0,"y":0.5929999947547913,"z":0.0},"playerRot":{"x":0.0,"y":-0.7071068286895752,"z":0.0,"w":0.7071068286895752}}