{"saveName":"Autosave","playerHealth":0,"playerPos":{"x":0.0,"y":0.0,"z":17.709999084472658},"playerRot":{"x":0.0,"y":1.0,"z":0.0,"w":-4.371138828673793e-8}}