{"saveName":"Autosave","playerHealth":100,"playerPos":{"x":-85.89643859863281,"y":-0.1500091552734375,"z":-4.1355977058410648},"playerRot":{"x":0.0,"y":-0.2166372835636139,"z":0.0,"w":-0.9762521982192993}}