{"saveName":"Autosave","playerHealth":100,"playerPos":{"x":-88.31793975830078,"y":-0.1500091552734375,"z":-7.0630574226379398},"playerRot":{"x":0.0,"y":0.7623656392097473,"z":0.0,"w":-0.6471466422080994}}