{"saveName":"Autosave","playerHealth":100,"playerPos":{"x":-41.43278503417969,"y":-0.1500091552734375,"z":-6.2853474617004398},"playerRot":{"x":0.0,"y":0.9942150115966797,"z":0.0,"w":-0.10740851610898972}}