{"saveName":"Autosave","playerHealth":100,"playerPos":{"x":80.1857681274414,"y":-0.15000152587890626,"z":-3.99462890625},"playerRot":{"x":0.0,"y":-0.6872996687889099,"z":0.0,"w":-0.7263740301132202}}