{"saveName":"Autosave","playerHealth":100,"playerPos":{"x":44.90943145751953,"y":-0.15000152587890626,"z":-50.801483154296878},"playerRot":{"x":0.0,"y":-0.0707191452383995,"z":0.0,"w":-0.9974963068962097}}