{"saveName":"Autosave","playerHealth":100,"playerPos":{"x":-39.89350891113281,"y":-0.15000152587890626,"z":-0.35190629959106448},"playerRot":{"x":0.0,"y":0.719339907169342,"z":0.0,"w":-0.6946582794189453}}